oracion,palabra,lema,fenomeno
Los países firmaron el acuerdo.,países,país,plural
Las autoridades locales cerraron la vía.,autoridades,autoridad,plural
Los peces murieron por la contaminación.,peces,pez,plural irregular (-ces)
Las crisis económicas afectan a todos.,crisis,crisis,sustantivo invariable
Los jóvenes votaron masivamente.,jóvenes,joven,plural con tilde
Ella es una jugadora excelente.,jugadora,jugador,género
Las nuevas medidas entran en vigor.,nuevas,nuevo,género y número
Los ministros españoles viajaron ayer.,españoles,español,género y número
Son los mejores resultados del año.,mejores,mejor,comparativo
Las elecciones generales serán en marzo.,generales,general,adjetivo
El general dirigió las tropas.,general,general,sustantivo
Hay que generar empleo en la región.,generar,generar,verbo regular
Los estudiantes universitarios protestaron.,universitarios,universitario,derivación
La universidad abrió matrículas.,universidad,universidad,derivación
Organizaron una exposición en el museo.,organizaron,organizar,derivación
La organización publicó un informe.,organización,organización,derivación
El Gobierno anunció nuevas inversiones.,anunció,anunciar,verbo regular
Los alcaldes discutirán el presupuesto.,discutirán,discutir,verbo regular
Estamos trabajando en el proyecto.,trabajando,trabajar,gerundio
Los resultados fueron publicados ayer.,publicados,publicar,participio
La propuesta fue aprobada por mayoría.,aprobada,aprobar,participio
Hicieron todo lo posible.,hicieron,hacer,verbo irregular
Dijeron que no volverían.,dijeron,decir,verbo irregular
Pusieron las cartas sobre la mesa.,pusieron,poner,verbo irregular
Supimos la noticia por la radio.,supimos,saber,verbo irregular
Tuvieron que cancelar el viaje.,tuvieron,tener,verbo irregular
Quisiera hablar con usted.,quisiera,querer,verbo irregular
Dámelo cuando termines.,dámelo,dar,clíticos
Tienes que decírselo pronto.,decírselo,decir,clíticos
Hay que cuidarlos bien.,cuidarlos,cuidar,clíticos
Ella fue presidenta del comité.,fue,ser,homografía (ser/ir)
Ella fue a Bogotá la semana pasada.,fue,ir,homografía (ser/ir)
El ministro vino a la reunión.,vino,venir,homografía (venir/vino)
Sirvieron un vino chileno en la cena.,vino,vino,homografía (venir/vino)
Yo como arroz todos los días.,como,comer,homografía (comer/como)
Trabaja como periodista en Madrid.,como,como,homografía (comer/como)
Yo trabajo en un hospital.,trabajo,trabajar,homografía (trabajar/trabajo)
El trabajo terminó tarde.,trabajo,trabajo,homografía (trabajar/trabajo)
Los precios bajan en enero.,bajan,bajar,verbo regular
El precio bajo atrajo compradores.,bajo,bajo,homografía (bajar/bajo)
Es posible que haya lluvias mañana.,haya,haber,homografía (haber/haya)
Plantaron una haya en el parque.,haya,haya,homografía (haber/haya)
