id_doc,tipo,pregunta,respuestas
5,fecha,¿Hasta cuándo estará abierta la exposición de esculturas de vidrio?,28 de junio|el próximo 28 de junio
5,otro,¿De qué nacionalidad es el artista que expone en Alcorcón?,rumano
5,cantidad,¿Cuántas piezas componen la exposición?,35|35 piezas
5,lugar,¿En qué país reside actualmente Edward Leibovitz?,Bélgica
5,persona,¿Quién es el concejal de Cultura?,Francisco Torres
5,sin respuesta,¿Cuánto cuesta la entrada a la exposición?,
13,cantidad,¿A cuánto ascendían las reservas de oro y divisas de Rusia el 19 de mayo?,18.300 millones de dólares
13,cantidad,¿Cuánto subieron las reservas de oro y divisas de Rusia?,600 millones de dólares
13,cantidad,¿En qué precio por onza se basa la valoración de las reservas en oro?,300 dólares estadounidenses por cada onza troy de oro|300 dólares estadounidenses|300 dólares
20,otro,¿Qué arma llevaba el secuestrador?,una granada|una granada de mano|granada|granada de mano
20,lugar,¿De qué aeropuerto despegó el avión?,Davao|aeropuerto de Davao
20,cantidad,¿Cuántos pasajeros llevaba el avión?,280|280 pasajeros
20,causa,¿Por qué el avión no pudo regresar a Davao?,la falta de combustible|falta de combustible
20,persona,¿Quién es el portavoz del presidente filipino?,Ricardo Puno
20,sin respuesta,¿Cómo se llamaba el secuestrador?,
22,cantidad,¿Cuántos años de cárcel pide el fiscal para los acusados?,seis años|seis años de cárcel|seis
22,cantidad,¿Cuánto dinero le robaron a la víctima?,1.500 pesetas
22,fecha,¿Cuándo ocurrieron los hechos juzgados?,el 2 de enero|2 de enero
22,otro,¿Qué ha solicitado la defensa?,la absolución de los dos jóvenes|la absolución
28,persona,¿Quién dirige la orquesta en el concierto de Sabadell?,Máximo Zumalave
28,lugar,¿Dónde se celebrará el concierto?,el teatro municipal La Farándula de Sabadell|teatro municipal La Farándula|La Farándula
28,fecha,¿Cuándo se constituyó públicamente la orquesta?,en el mes de febrero de 1996|febrero de 1996
30,persona,¿Quién es el principal contrincante de Hugo Chávez en las elecciones?,Francisco Arias Cárdenas
30,fecha,¿En qué año fueron Arias y Chávez compañeros de cuartelazo?,1992
30,otro,¿Qué diario publica la entrevista con Arias?,El Pais
30,sin respuesta,¿Cuántos votos obtuvo Arias en las elecciones?,
190,otro,¿Qué lesión sufre Antonio Virriale?,una fractura del fémur derecho|fractura del fémur derecho|fractura descompuesta del fémur derecho
190,cantidad,¿En qué kilómetro se produjo la caída?,168|kilómetro 168|el kilómetro 168
190,cantidad,¿Cuántos años tiene Virriale?,26|26 años
190,lugar,¿A qué hospital fue trasladado Virriale?,hospital Santa Anna de Ferrara|Santa Anna de Ferrara
391,cantidad,¿Cuántos muertos han causado las lluvias en Colombia?,al menos 28 muertos|28|al menos 28
391,lugar,¿Qué ciudad presenta la situación más crítica?,Pasto
391,fecha,¿Hasta cuándo se prolongará el período lluvioso?,hasta julio próximo|julio próximo|julio
391,cantidad,¿Cuántos damnificados dejaron las lluvias de 1998?,258.000|258.000 damnificados
391,cantidad,¿Cuántos damnificados se registraron en 1999?,"1,31 millones|1,31 millones de damnificados"
391,cantidad,¿Cuántos muertos han causado las lluvias en la ciudad de Pasto?,doce|doce muertos
391,sin respuesta,¿Quién es el presidente de Colombia?,
