id_doc,tema
17,deportes
51,deportes
64,deportes
92,deportes
102,deportes
167,deportes
178,deportes
190,deportes
215,deportes
260,deportes
301,deportes
319,deportes
320,deportes
410,deportes
6,economía
13,economía
18,economía
37,economía
53,economía
68,economía
106,economía
122,economía
125,economía
130,economía
171,economía
188,economía
199,economía
204,economía
5,cultura
23,cultura
28,cultura
45,cultura
74,cultura
117,cultura
184,cultura
186,cultura
294,cultura
295,cultura
308,cultura
526,cultura
755,cultura
869,cultura
12,sucesos y justicia
22,sucesos y justicia
58,sucesos y justicia
76,sucesos y justicia
77,sucesos y justicia
152,sucesos y justicia
175,sucesos y justicia
286,sucesos y justicia
344,sucesos y justicia
351,sucesos y justicia
391,sucesos y justicia
404,sucesos y justicia
567,sucesos y justicia
578,sucesos y justicia
30,política
34,política
35,política
59,política
60,política
69,política
75,política
89,política
140,política
147,política
169,política
214,política
222,política
223,política
