id,categoria,es,en
1,noticia,El museo acoge una exposición de esculturas en vidrio.,The museum is hosting an exhibition of glass sculptures.
2,noticia,La defensa ha solicitado la absolución de los dos jóvenes.,The defense has requested the acquittal of the two young men.
3,noticia,El avión tomó tierra sin problemas en el aeropuerto.,The plane landed without problems at the airport.
4,noticia,Las intensas lluvias castigan al país desde hace seis días.,The heavy rains have been battering the country for six days.
5,noticia,La orquesta interpretará obras de compositores clásicos.,The orchestra will perform works by classical composers.
6,noticia,El ciclista italiano sufre una fractura del fémur derecho.,The Italian cyclist has a fracture of the right femur.
7,noticia,El candidato presidencial promete revisar la Constitución.,The presidential candidate promises to review the Constitution.
8,entidad_cifra,Las reservas de oro y divisas de Rusia subieron 600 millones de dólares.,Russia's gold and foreign currency reserves rose by 600 million dollars.
9,entidad_cifra,El avión llevaba 280 pasajeros y despegó del aeropuerto de Davao.,The plane was carrying 280 passengers and took off from the airport of Davao.
10,entidad_cifra,La exposición está compuesta por 35 piezas de diferentes formatos.,The exhibition is made up of 35 pieces of different formats.
11,entidad_cifra,Las lluvias han ocasionado al menos 28 muertos y 18.000 damnificados en Colombia.,The rains have caused at least 28 deaths and 18000 victims in Colombia.
12,entidad_cifra,El fiscal pide seis años de cárcel para los dos acusados.,The prosecutor is asking for six years in prison for the two defendants.
13,modismo,El ministro nos está tomando el pelo con esas cifras.,The minister is pulling our leg with those figures.
14,modismo,La reforma quedó en agua de borrajas.,The reform came to nothing.
15,modismo,El alcalde se lavó las manos ante el problema.,The mayor washed his hands of the problem.
16,modismo,Los vecinos pusieron el grito en el cielo.,The neighbours hit the roof.
